,AAPL,MSFT,GOOGL,AMZN,NVDA,META,TSLA,PYPL,ADBE,CSCO,AMD,INTC,NFLX,ZM,MRNA,AMAT,QCOM,ASML,AVGO,SMCI
Ticker,AAPL,MSFT,GOOGL,AMZN,NVDA,META,TSLA,PYPL,ADBE,CSCO,AMD,INTC,NFLX,ZM,MRNA,AMAT,QCOM,ASML,AVGO,SMCI
Date,,,,,,,,,,,,,,,,,,,,
2024-01-02,184.53208923339844,367.380615234375,137.67092895507812,149.92999267578125,48.15434646606445,344.9722595214844,248.4199981689453,61.459999084472656,580.0700073242188,48.58662414550781,138.5800018310547,47.168277740478516,468.5,69.1500015258789,112.5,152.82191467285156,137.5181121826172,711.210693359375,107.09550476074219,28.545000076293945
2024-01-03,183.150390625,367.1131591796875,138.418212890625,148.47000122070312,47.555519104003906,343.1591796875,238.4499969482422,58.630001068115234,571.7899780273438,48.964691162109375,135.32000732421875,46.42819595336914,470.260009765625,67.16999816894531,108.58000183105469,149.9311981201172,134.93899536132812,697.7685546875,104.45111083984375,28.06399917602539
2024-01-04,180.82435607910156,364.4781799316406,135.89736938476562,144.57000732421875,47.984397888183594,345.799072265625,237.92999267578125,58.45000076293945,567.0499877929688,48.547847747802734,136.00999450683594,46.250572204589844,474.6700134277344,66.9000015258789,108.66000366210938,147.8126678466797,133.53662109375,694.713134765625,103.50682830810547,28.8799991607666
2024-01-05,180.09869384765625,364.2900085449219,135.23973083496094,145.24000549316406,49.08308029174805,350.6106872558594,237.49000549316406,60.119998931884766,564.5999755859375,48.55754089355469,138.5800018310547,46.27030944824219,474.05999755859375,66.95999908447266,111.12000274658203,147.50576782226562,134.08580017089844,697.7388916015625,103.53347778320312,29.21299934387207
2024-01-08,184.45254516601562,371.1647033691406,138.3385009765625,149.10000610351562,52.23818588256836,357.295166015625,240.4499969482422,61.7400016784668,580.5499877929688,48.916221618652344,146.17999267578125,47.8096923828125,485.0299987792969,68.38999938964844,115.44000244140625,150.0400848388672,136.34132385253906,715.0995483398438,106.0564956665039,32.02799987792969
2024-01-09,184.0350799560547,372.25433349609375,140.44090270996094,151.3699951171875,53.12493896484375,356.06982421875,234.9600067138672,61.04999923706055,586.2000122070312,48.38304901123047,149.25999450683594,47.41497802734375,482.0899963378906,68.30999755859375,110.18000030517578,149.51539611816406,137.1846923828125,710.2484130859375,106.81034088134766,34.37300109863281
2024-01-10,185.0787811279297,379.1686096191406,141.76608276367188,153.72999572753906,54.3345947265625,369.06024169921875,233.94000244140625,60.959999084472656,591.030029296875,48.70295715332031,148.5399932861328,46.84264373779297,478.3299865722656,68.18000030517578,109.45999908447266,148.30764770507812,136.61590576171875,712.0737915039062,106.62089538574219,34.237998962402344
2024-01-11,184.4823760986328,381.01116943359375,141.5668182373047,155.17999267578125,54.806461334228516,368.2632751464844,227.22000122070312,61.349998474121094,597.489990234375,48.89683151245117,148.02000427246094,47.010398864746094,492.2300109863281,68.5,106.79499816894531,150.4261932373047,136.34132385253906,712.807861328125,108.53609466552734,34.33100128173828
2024-01-12,184.8104248046875,384.81500244140625,142.13473510742188,154.6199951171875,54.694488525390625,373.06494140625,218.88999938964844,61.0,596.5399780273438,48.79989242553711,146.55999755859375,46.49726486206055,492.1600036621094,70.45999908447266,105.94999694824219,149.7332000732422,137.4886932373047,707.5401000976562,109.29586029052734,33.95600128173828
2024-01-16,182.53408813476562,386.5980529785156,141.97532653808594,153.16000366210938,56.36602020263672,366.0616455078125,219.91000366210938,58.45000076293945,597.6799926757812,49.04224395751953,158.74000549316406,46.43806076049805,481.239990234375,69.0999984741211,102.16000366210938,152.218017578125,138.39088439941406,700.8737182617188,110.01419067382812,32.63100051879883
2024-01-17,181.58975219726562,385.8056335449219,140.9590301513672,151.7100067138672,56.037113189697266,366.9682312011719,215.5500030517578,59.88999938964844,596.0999755859375,48.76111602783203,160.1699981689453,45.45127868652344,480.3299865722656,67.94999694824219,100.3499984741211,151.8319549560547,136.625732421875,706.5977783203125,108.90019226074219,31.822999954223633
2024-01-18,187.50424194335938,390.1642150878906,142.9617462158203,153.5,57.090816497802734,374.6986389160156,211.8800048828125,62.09000015258789,593.7000122070312,49.197349548339844,162.6699981689453,46.12229537963867,485.30999755859375,67.31999969482422,99.06999969482422,158.73204040527344,142.48025512695312,738.600830078125,112.8707046508789,31.143999099731445
2024-01-19,190.416748046875,394.9190673828125,145.8512725830078,155.33999633789062,59.4741325378418,381.9908142089844,212.19000244140625,65.81999969482422,611.5499877929688,49.70144271850586,174.22999572753906,47.51365661621094,482.95001220703125,69.04000091552734,99.69999694824219,166.25582885742188,149.02130126953125,751.7949829101562,119.51028442382812,42.33599853515625
2024-01-22,192.7328338623047,392.7793884277344,145.46267700195312,154.77999877929688,59.637088775634766,380.3271484375,208.8000030517578,63.7400016784668,603.5900268554688,49.99225997924805,168.17999267578125,47.582733154296875,485.7099914550781,69.58999633789062,99.69999694824219,166.61221313476562,149.91368103027344,760.5744018554688,120.42792510986328,43.624000549316406
2024-01-23,194.01515197753906,395.1468811035156,146.50889587402344,156.02000427246094,59.85603332519531,383.73419189453125,209.13999938964844,64.77999877929688,597.1799926757812,50.17644500732422,168.4199981689453,48.24387741088867,492.19000244140625,69.62999725341797,101.91999816894531,165.37477111816406,150.531494140625,772.1912231445312,121.0011978149414,45.737998962402344
2024-01-24,193.33921813964844,398.7724609375,148.16290283203125,156.8699951171875,61.3446044921875,389.2132263183594,207.8300018310547,63.02000045776367,606.47998046875,49.74021530151367,178.2899932861328,48.44123077392578,544.8699951171875,69.04000091552734,101.11000061035156,172.39366149902344,151.38465881347656,840.5623168945312,123.72056579589844,47.01900100708008
2024-01-25,193.01116943359375,401.0607604980469,151.32142639160156,157.75,61.59953689575195,391.6838073730469,182.6300048828125,60.709999084472656,622.5800170898438,50.729007720947266,180.3300018310547,48.89515686035156,562.0,67.41999816894531,102.80999755859375,170.8988037109375,151.48272705078125,862.1589965820312,121.36529541015625,47.55799865722656
2024-01-26,191.27162170410156,400.1295471191406,151.64028930664062,159.1199951171875,61.013702392578125,392.6401672363281,183.25,61.779998779296875,613.9299926757812,50.544822692871094,177.25,43.0731315612793,570.4199829101562,67.73999786376953,101.80999755859375,165.22622680664062,147.8052520751953,860.839599609375,118.88667297363281,47.415000915527344
2024-01-29,190.58572387695312,405.8651123046875,152.9555206298828,161.25999450683594,62.447296142578125,399.49395751953125,190.92999267578125,63.7599983215332,630.22998046875,50.69023895263672,177.8300018310547,43.260616302490234,575.7899780273438,68.93000030517578,104.83999633789062,166.7904052734375,146.7461395263672,875.5911865234375,120.1585464477539,49.56700134277344
2024-01-30,186.91775512695312,404.7457275390625,150.91293334960938,159.0,62.75620651245117,398.5376281738281,191.58999633789062,63.68000030517578,627.9600219726562,50.641761779785156,172.05999755859375,42.3527717590332,562.8499755859375,67.18000030517578,102.47000122070312,164.5728759765625,143.15692138671875,861.1173095703125,119.2103271484375,51.297000885009766
2024-01-31,183.29949951171875,393.83929443359375,139.59396362304688,155.1999969482422,61.50956344604492,388.6553649902344,187.2899932861328,61.349998474121094,617.780029296875,48.6447868347168,167.69000244140625,42.51066589355469,564.1099853515625,64.61000061035156,101.05000305175781,162.65232849121094,145.6379852294922,862.8930053710938,116.43174743652344,52.96099853515625
2024-02-01,185.74481201171875,399.98095703125,140.650146484375,159.27999877929688,63.00913619995117,393.2777099609375,188.86000061035156,62.02000045776367,627.9099731445312,48.6447868347168,170.47999572753906,42.78696060180664,567.510009765625,64.8499984741211,99.0199966430664,165.29556274414062,138.381103515625,883.4480590820312,118.4061508178711,58.349998474121094
2024-02-02,184.7408447265625,407.3509826660156,141.86573791503906,171.80999755859375,66.14124298095703,473.1824645996094,187.91000366210938,62.41999816894531,634.760009765625,48.6447868347168,177.66000366210938,42.03700256347656,564.6400146484375,64.2699966430664,97.5,166.493408203125,138.94989013671875,883.567138671875,120.80681610107422,57.9630012512207
2024-02-05,186.55990600585938,401.8334045410156,143.16102600097656,170.30999755859375,69.3123550415039,457.6617431640625,181.05999755859375,61.540000915527344,630.5,47.99528503417969,174.22999572753906,42.20475769042969,562.0599975585938,63.689998626708984,95.48999786376953,169.37425231933594,141.24462890625,892.9443359375,122.65788269042969,66.33499908447266
2024-02-06,188.1702423095703,401.67486572265625,143.5795135498047,169.14999389648438,68.20366668701172,452.9895935058594,185.10000610351562,63.709999084472656,607.1400146484375,48.45090866088867,167.8800048828125,42.29877853393555,555.8800048828125,63.599998474121094,100.02999877929688,167.00819396972656,141.31326293945312,899.2547607421875,120.64006805419922,68.15899658203125
2024-02-07,188.27960205078125,410.1543273925781,145.01429748535156,170.52999877929688,70.0791244506836,467.802978515625,187.5800018310547,63.2400016784668,615.8499755859375,48.24732971191406,170.94000244140625,42.33836364746094,559.2999877929688,63.880001068115234,99.30000305175781,169.18612670898438,143.06866455078125,916.4867553710938,124.03532409667969,68.36000061035156
2024-02-08,187.19610595703125,410.21380615234375,145.38296508789062,169.83999633789062,69.62125396728516,468.2114562988281,189.55999755859375,56.130001068115234,615.8599853515625,48.42182540893555,169.35000610351562,42.061256408691406,558.530029296875,63.900001525878906,93.66000366210938,172.14614868164062,145.3143768310547,917.1923828125,125.78180694580078,69.80000305175781
2024-02-09,187.9624786376953,416.5931701660156,148.46182250976562,174.4499969482422,72.11256408691406,466.3286437988281,193.57000732421875,58.90999984741211,627.2100219726562,48.596317291259766,172.47999572753906,42.86289596557617,561.3200073242188,65.69999694824219,87.41000366210938,183.97630310058594,148.079833984375,943.6864013671875,126.63826751708984,74.02899932861328
2024-02-12,186.27044677734375,411.35296630859375,146.9971160888672,172.33999633789062,72.22752380371094,467.1156311035156,188.1300048828125,60.09000015258789,611.8400268554688,48.46060562133789,171.91000366210938,43.57545852661133,557.8499755859375,64.4800033569336,89.0,183.6793212890625,150.13922119140625,923.42333984375,124.81877899169922,77.3010025024414
2024-02-13,184.17037963867188,402.4971008300781,144.61575317382812,168.63999938964844,72.10755920410156,458.3690490722656,184.02000427246094,58.2599983215332,601.8900146484375,48.12131118774414,171.5399932861328,42.71444320678711,554.52001953125,63.65999984741211,85.37000274658203,178.50177001953125,147.1383819580078,897.694580078125,123.50152587890625,79.14900207519531
2024-02-14,183.28456115722656,406.38739013671875,145.41285705566406,170.97999572753906,73.87906646728516,471.4789733886719,188.7100067138672,58.869998931884766,604.6599731445312,48.741729736328125,178.6999969482422,43.73380661010742,579.3300170898438,64.13999938964844,85.94999694824219,184.32281494140625,150.96299743652344,918.6830444335938,124.54447174072266,88.05500030517578
2024-02-15,182.99594116210938,403.4795837402344,142.2543182373047,169.8000030517578,72.63740539550781,482.18804931640625,200.4499969482422,59.70000076293945,590.4400024414062,47.55905532836914,176.75999450683594,43.595252990722656,593.4600219726562,64.04000091552734,91.13999938964844,185.778076171875,152.96351623535156,924.0494384765625,124.82569885253906,100.4000015258789
2024-02-16,181.4532012939453,400.99853515625,140.012451171875,169.50999450683594,72.59241485595703,471.51885986328125,199.9499969482422,59.13999938964844,546.6599731445312,46.95801544189453,173.8699951171875,43.060829162597656,583.9500122070312,62.119998931884766,88.37000274658203,197.56863403320312,149.73715209960938,923.155029296875,122.8927230834961,80.33200073242188
2024-02-20,180.70672607421875,399.7381591796875,140.6102752685547,167.0800018310547,69.43231201171875,469.9548034667969,193.75999450683594,58.630001068115234,541.9099731445312,46.80291748046875,165.69000244140625,44.060401916503906,575.1300048828125,61.31999969482422,86.98999786376953,187.2432098388672,149.02130126953125,903.9056396484375,121.02487182617188,78.75700378417969
2024-02-21,181.46316528320312,399.1327209472656,142.03512573242188,168.58999633789062,67.452880859375,466.74365234375,194.77000427246094,57.47999954223633,538.52001953125,46.996795654296875,164.2899932861328,43.021240234375,573.3499755859375,61.349998474121094,87.58999633789062,188.74063110351562,149.07029724121094,902.5541381835938,121.11368560791016,73.41699981689453
2024-02-22,183.50350952148438,408.531005859375,143.56954956054688,174.5800018310547,78.5157470703125,484.7939147949219,197.41000366210938,58.349998474121094,537.5700073242188,47.084041595458984,181.86000061035156,42.53630065917969,588.469970703125,62.119998931884766,99.44000244140625,198.06211853027344,151.75732421875,945.9223022460938,128.75575256347656,97.552001953125
2024-02-23,181.6622314453125,407.2309265136719,143.4400177001953,174.99000549316406,78.7946548461914,482.69970703125,191.97000122070312,59.15999984741211,553.4400024414062,47.365169525146484,176.52000427246094,42.54619598388672,583.5599975585938,63.400001525878906,96.45999908447266,195.51358032226562,151.91424560546875,927.4381713867188,127.91410064697266,86.0009994506836
2024-02-26,180.30862426757812,404.4521484375,137.07310485839844,174.72999572753906,79.06958770751953,480.41595458984375,199.39999389648438,59.33000183105469,560.47998046875,46.91924285888672,176.00999450683594,42.54619598388672,587.6500244140625,63.119998931884766,94.0199966430664,201.8502197265625,153.9932403564453,941.6889038085938,129.17312622070312,87.63400268554688
2024-02-27,181.77171325683594,404.39263916015625,138.3783721923828,173.5399932861328,78.6786880493164,485.71136474609375,199.72999572753906,60.15999984741211,552.489990234375,46.832000732421875,178.0,42.28887939453125,601.6699829101562,68.16999816894531,96.19999694824219,201.16598510742188,155.23866271972656,935.5076293945312,127.90027618408203,85.11100006103516
2024-02-28,180.56739807128906,404.63079833984375,135.8874053955078,173.16000366210938,77.6409912109375,482.689697265625,202.0399932861328,60.25,551.8200073242188,46.58964920043945,176.5399932861328,41.556522369384766,596.47998046875,69.62000274658203,97.4800033569336,195.89039611816406,153.61236572265625,933.6492309570312,127.22834014892578,81.65399932861328
2024-02-29,179.90054321289062,410.5059509277344,137.9598846435547,176.75999450683594,79.0895767211914,488.7829284667969,201.8800048828125,60.34000015258789,560.280029296875,46.89016342163086,192.52999877929688,42.60557556152344,602.9199829101562,70.7300033569336,92.23999786376953,199.9363250732422,155.52450561523438,945.75341796875,128.32061767578125,86.61199951171875
2024-03-01,178.815673828125,412.3518371582031,136.6446533203125,178.22000122070312,82.25567626953125,500.9194641113281,202.63999938964844,60.540000915527344,570.9299926757812,46.91924285888672,202.63999938964844,43.36762619018555,619.3400268554688,70.91000366210938,95.05999755859375,208.49424743652344,160.7484130859375,984.7688598632812,138.05747985839844,90.5479965209961
2024-03-04,174.27708435058594,411.7762451171875,132.86834716796875,177.5800018310547,85.21284484863281,496.82073974609375,188.13999938964844,59.97999954223633,567.9400024414062,47.626914978027344,205.36000061035156,45.1391487121582,615.8300170898438,69.70999908447266,96.0,207.74063110351562,164.1685791015625,991.8246459960938,138.3623504638672,107.43399810791016
2024-03-05,169.3205108642578,399.5992126464844,132.1907958984375,174.1199951171875,85.94366455078125,488.8726806640625,180.74000549316406,58.27000045776367,544.8400268554688,47.45241928100586,205.1300048828125,42.71444320678711,598.5,66.48999786376953,95.55999755859375,205.65814208984375,159.13194274902344,962.8065795898438,132.49044799804688,109.08300018310547
2024-03-06,168.32518005371094,399.0434265136719,130.9253692626953,173.50999450683594,88.67901611328125,494.7265319824219,176.5399932861328,58.119998931884766,543.0900268554688,47.665687561035156,210.6300048828125,44.05050277709961,597.6900024414062,66.41999816894531,98.0999984741211,210.3982391357422,165.4794921875,997.677978515625,133.20579528808594,112.47000122070312
2024-03-07,168.2057647705078,406.0400390625,133.89462280273438,176.82000732421875,92.64707946777344,510.78228759765625,178.64999389648438,58.5,556.0399780273438,47.40394973754883,211.3800048828125,45.67357635498047,608.510009765625,67.02999877929688,99.4800033569336,210.83457946777344,173.1970672607422,1040.867431640625,138.8310546875,115.97599792480469
2024-03-08,169.92764282226562,403.14215087890625,134.9208984375,175.35000610351562,87.5073013305664,504.5594787597656,175.33999633789062,59.0099983215332,551.6900024414062,47.985591888427734,207.38999938964844,43.54576873779297,604.8200073242188,67.16000366210938,103.02999877929688,203.8434295654297,168.1210174560547,988.1378173828125,129.13265991210938,114.0009994506836
2024-03-11,171.93814086914062,401.4550476074219,137.17274475097656,171.9600067138672,85.75370788574219,482.2608642578125,177.77000427246094,60.08000183105469,560.4199829101562,48.683563232421875,198.38999938964844,44.39689254760742,600.9299926757812,69.68000030517578,111.9800033569336,199.6884307861328,168.66311645507812,956.6749267578125,127.5934066772461,108.02200317382812
2024-03-12,172.41586303710938,412.1335144042969,137.99974060058594,175.38999938964844,91.89126586914062,498.3764953613281,177.5399932861328,60.029998779296875,579.1400146484375,48.53815460205078,202.75999450683594,44.77296829223633,611.0800170898438,69.87999725341797,110.43000030517578,203.22862243652344,170.594970703125,978.1603393554688,127.47106170654297,116.30000305175781
2024-03-13,170.3257598876953,411.95489501953125,139.2850799560547,176.55999755859375,90.86650085449219,494.20794677734375,169.47999572753906,62.45000076293945,573.5499877929688,48.57693099975586,194.7899932861328,42.78371810913086,609.4500122070312,68.44000244140625,106.51000213623047,198.8851776123047,166.81996154785156,962.7469482421875,124.1152572631836,118.80699920654297
2024-03-14,172.18695068359375,421.9981689453125,142.5831298828125,178.75,87.9231948852539,490.4782409667969,162.5,63.0,570.4500122070312,48.266719818115234,187.05999755859375,42.30867385864258,613.010009765625,67.26000213623047,103.45999908447266,199.0736083984375,166.03146362304688,953.802978515625,124.54939270019531,113.01100158691406
2024-03-15,171.80874633789062,413.2648620605469,140.6700439453125,174.4199981689453,87.81622314453125,482.76947021484375,163.57000732421875,62.849998474121094,492.4599914550781,47.43302917480469,191.05999755859375,42.199806213378906,605.8800048828125,65.95999908447266,103.8499984741211,196.9911346435547,164.7993927001953,934.3548583984375,121.9079818725586,106.88300323486328
2024-03-18,172.90357971191406,414.15802001953125,147.14657592773438,174.47999572753906,88.43407440185547,495.6141052246094,173.8000030517578,64.2300033569336,513.8599853515625,47.76262283325195,190.64999389648438,42.26908493041992,618.3900146484375,66.2300033569336,104.26000213623047,199.0537567138672,164.52342224121094,935.4778442382812,122.07966613769531,100.06800079345703
2024-03-19,175.25250244140625,418.2170715332031,146.49893188476562,175.89999389648438,89.37686157226562,494.8761291503906,171.32000732421875,63.0099983215332,521.1900024414062,47.63660430908203,181.4199981689453,41.61589813232422,620.739990234375,66.52999877929688,105.11000061035156,199.65866088867188,161.743896484375,945.98193359375,122.15565490722656,91.09700012207031
2024-03-20,177.83030700683594,422.0081481933594,148.2027587890625,178.14999389648438,90.35062408447266,504.130615234375,175.66000366210938,65.05000305175781,519.1400146484375,48.034061431884766,179.72999572753906,41.76435470581055,627.6900024414062,66.86000061035156,103.08000183105469,203.34759521484375,165.2626495361328,964.87353515625,126.44034576416016,89.64700317382812
2024-03-21,170.5646209716797,426.11676025390625,147.06687927246094,178.14999389648438,91.41336822509766,506.3644714355469,172.82000732421875,66.13999938964844,511.25,48.35396194458008,178.67999267578125,41.98208236694336,622.7100219726562,66.54000091552734,104.08999633789062,209.03968811035156,168.39700317382812,984.6198120117188,133.57492065429688,97.16100311279297
2024-03-22,171.4703369140625,425.4915466308594,150.22543334960938,178.8699951171875,94.26669311523438,508.1794738769531,170.8300018310547,64.7699966430664,499.5199890136719,48.257022857666016,179.64999389648438,42.13053512573242,628.010009765625,65.95999908447266,105.43000030517578,208.49424743652344,167.65777587890625,973.8573608398438,134.116943359375,97.27400207519531
2024-03-25,170.0470733642578,419.6560363769531,149.5279541015625,179.7100067138672,94.97952270507812,501.6374816894531,172.6300048828125,66.0,507.2300109863281,48.16008758544922,178.6300048828125,41.39817428588867,627.4600219726562,66.70999908447266,110.37999725341797,206.71923828125,165.1148223876953,972.833740234375,133.92967224121094,104.27899932861328
2024-03-26,168.9124298095703,418.4552001953125,150.1257781982422,178.3000030517578,92.53910064697266,494.527099609375,177.6699981689453,66.66999816894531,507.6000061035156,48.034061431884766,177.8699951171875,41.556522369384766,629.239990234375,66.3499984741211,107.41000366210938,204.9441680908203,164.67127990722656,965.2511596679688,131.9389190673828,102.50599670410156
2024-03-27,172.49549865722656,418.2369079589844,150.32504272460938,179.8300018310547,90.22865295410156,492.502685546875,179.8300018310547,66.56999969482422,504.3999938964844,48.24732971191406,179.58999633789062,43.318145751953125,613.530029296875,66.62000274658203,110.58999633789062,206.2630615234375,166.70169067382812,967.9443359375,130.67453002929688,102.3290023803711
2024-03-28,170.67410278320312,417.53228759765625,150.3848419189453,180.3800048828125,90.33462524414062,484.2453918457031,175.7899932861328,66.98999786376953,504.6000061035156,48.38304901123047,180.49000549316406,43.714012145996094,607.3300170898438,65.37000274658203,106.55999755859375,204.5078582763672,166.86924743652344,964.4263916015625,131.33644104003906,101.00299835205078
2024-04-01,169.23092651367188,421.3531188964844,154.92837524414062,180.97000122070312,90.34162139892578,489.99957275390625,175.22000122070312,65.02999877929688,502.0899963378906,48.509071350097656,183.33999633789062,44.060401916503906,614.3099975585938,64.7300033569336,105.5999984741211,206.94729614257812,169.25450134277344,986.7664184570312,133.7988739013672,103.71499633789062
2024-04-02,168.0465087890625,418.246826171875,154.00172424316406,180.69000244140625,89.43083953857422,496.0030212402344,166.6300048828125,64.66000366210938,499.2099914550781,47.84987258911133,178.6999969482422,43.48638916015625,614.2100219726562,63.779998779296875,103.61000061035156,204.38885498046875,168.58424377441406,960.6898193359375,132.65931701660156,100.99099731445312
2024-04-03,168.85269165039062,417.26434326171875,154.3604278564453,182.41000366210938,88.94295501708984,505.3472595214844,168.3800048828125,65.33999633789062,497.010009765625,47.634864807128906,180.77000427246094,39.913658142089844,630.0800170898438,63.220001220703125,101.20999908447266,205.64825439453125,171.41305541992188,974.1653442382812,135.0821075439453,101.55699920654297
2024-04-04,168.02662658691406,414.7138366699219,149.98629760742188,180.0,85.88467407226562,509.5157775878906,171.11000061035156,64.54000091552734,487.1099853515625,47.01914978027344,165.8300018310547,39.31985092163086,617.1400146484375,63.279998779296875,102.2699966430664,201.69154357910156,167.32264709472656,947.4725952148438,130.55262756347656,95.79900360107422
2024-04-05,168.78302001953125,422.2959289550781,151.9491729736328,185.07000732421875,87.9871826171875,525.890625,164.89999389648438,65.1500015258789,485.1199951171875,47.44916915893555,170.4199981689453,38.31037902832031,636.1799926757812,62.939998626708984,102.87999725341797,206.11431884765625,169.06723022460938,973.4498291015625,132.72569274902344,94.802001953125
2024-04-08,167.65834045410156,421.3729553222656,154.2906951904297,185.19000244140625,87.11238861083984,517.8229370117188,172.97999572753906,66.33999633789062,484.2799987792969,47.146202087402344,169.89999389648438,37.58791732788086,628.4099731445312,63.0099983215332,105.08999633789062,207.2943572998047,171.12722778320312,976.5902099609375,132.39573669433594,92.8499984741211
2024-04-09,168.8726043701172,423.0501708984375,156.03436279296875,185.6699981689453,85.33380126953125,515.4793701171875,176.8800048828125,67.0,492.54998779296875,48.876068115234375,170.77999877929688,37.93430709838867,618.2000122070312,63.849998474121094,111.5999984741211,208.65293884277344,173.04922485351562,983.6658325195312,132.19558715820312,90.41999816894531
2024-04-10,166.99148559570312,420.05303955078125,155.57603454589844,185.9499969482422,87.0184097290039,518.4013061523438,171.75999450683594,65.87999725341797,487.2200012207031,48.094207763671875,167.13999938964844,36.81596755981445,618.5800170898438,62.220001220703125,107.13999938964844,207.50262451171875,168.40684509277344,968.5405883789062,131.03521728515625,90.85399627685547
2024-04-11,174.2173614501953,424.6876525878906,158.834228515625,189.0500030517578,90.59456634521484,521.7221069335938,174.60000610351562,65.80000305175781,484.2799987792969,48.40694808959961,170.5,37.24153137207031,628.780029296875,62.52000045776367,107.01000213623047,211.20147705078125,172.61553955078125,986.0011596679688,136.98960876464844,93.72799682617188
2024-04-12,175.72027587890625,418.7033386230469,157.16029357910156,186.1300048828125,88.1651382446289,510.49310302734375,171.0500030517578,64.58999633789062,474.0899963378906,47.390533447265625,163.27999877929688,35.321556091308594,622.8300170898438,61.630001068115234,105.13999938964844,206.12423706054688,168.83067321777344,955.85009765625,133.1855010986328,89.8489990234375
2024-04-15,171.87841796875,410.5059509277344,154.3006591796875,183.6199951171875,85.98065185546875,498.85516357421875,161.47999572753906,63.5099983215332,470.1000061035156,47.146202087402344,160.32000732421875,35.935157775878906,607.1500244140625,60.2400016784668,103.86000061035156,203.96241760253906,167.4014892578125,948.8738403320312,129.87783813476562,88.2750015258789
2024-04-16,168.583984375,411.43878173828125,153.84230041503906,183.32000732421875,87.39432525634766,498.3864440917969,157.11000061035156,63.43000030517578,476.2200012207031,46.83345413208008,163.4600067138672,35.88566970825195,617.52001953125,59.279998779296875,103.79000091552734,207.73069763183594,166.1595916748047,970.836181640625,131.69813537597656,97.62999725341797
2024-04-17,167.21046447753906,408.7195739746094,154.908447265625,181.27999877929688,84.01512145996094,492.81182861328125,155.4499969482422,63.2599983215332,474.45001220703125,46.70640563964844,154.02000427246094,35.31166076660156,613.6900024414062,59.08000183105469,103.44000244140625,198.2207794189453,161.96075439453125,901.9578247070312,127.09732818603516,96.00800323486328
2024-04-18,166.2549591064453,401.2069091796875,155.44650268554688,179.22000122070312,84.65097045898438,500.42083740234375,149.92999267578125,62.099998474121094,473.17999267578125,47.01914978027344,155.0800018310547,34.67826843261719,610.5599975585938,59.939998626708984,102.0,192.6973114013672,159.12210083007812,883.4935913085938,124.75481414794922,92.8479995727539
2024-04-19,164.2245635986328,396.095947265625,153.53343200683594,174.6300048828125,76.18197631835938,479.7478332519531,147.0500030517578,62.310001373291016,465.0199890136719,47.22438430786133,146.63999938964844,33.84694290161133,555.0399780273438,59.45000076293945,101.41000366210938,188.185302734375,155.36680603027344,854.187255859375,119.37614440917969,71.36499786376953
2024-04-22,165.06060791015625,397.9219970703125,155.7154998779297,177.22999572753906,79.49919128417969,480.406005859375,142.0500030517578,63.189998626708984,466.8900146484375,47.048465728759766,148.63999938964844,34.054771423339844,554.5999755859375,59.540000915527344,104.45999908447266,187.8778839111328,157.88018798828125,866.6192626953125,121.33319091796875,71.7020034790039
2024-04-23,166.11563110351562,404.48193359375,157.6883544921875,179.5399932861328,82.40350341796875,494.73651123046875,144.67999267578125,64.43000030517578,472.8999938964844,47.22438430786133,152.27000427246094,33.92611312866211,577.75,61.619998931884766,107.88999938964844,191.62632751464844,159.0334014892578,895.9555053710938,123.7837142944336,76.18599700927734
2024-04-24,168.2256622314453,405.96063232421875,158.55523681640625,176.58999633789062,79.65814971923828,492.1436462402344,162.1300048828125,64.83999633789062,477.1199951171875,47.253700256347656,151.74000549316406,34.14384078979492,555.1199951171875,61.650001525878906,108.8499984741211,194.4227752685547,161.28065490722656,886.7631225585938,124.53977966308594,75.47200012207031
2024-04-25,169.09158325195312,396.0166015625,155.4365234375,173.6699981689453,82.61246490478516,440.1669006347656,170.17999267578125,64.0999984741211,473.44000244140625,47.00937271118164,153.75999450683594,34.74754333496094,564.7999877929688,61.040000915527344,106.18000030517578,195.85073852539062,160.9553985595703,896.8895874023438,128.26560974121094,78.73999786376953
2024-04-26,168.50433349609375,403.2414245605469,171.3289337158203,179.6199951171875,87.71424865722656,442.0716857910156,168.2899932861328,65.95999908447266,477.55999755859375,46.774818420410156,157.39999389648438,31.55088996887207,561.22998046875,62.0,107.97000122070312,201.681640625,163.28150939941406,915.1463012695312,133.1855010986328,85.74400329589844
2024-04-29,172.6846160888672,399.2022399902344,165.54986572265625,180.9600067138672,87.73623657226562,431.43096923828125,194.0500030517578,66.98999786376953,473.07000732421875,46.69662857055664,160.1999969482422,31.036256790161133,559.489990234375,63.31999969482422,111.62000274658203,203.5459442138672,166.7706756591797,905.984619140625,132.6454315185547,89.03500366210938
2024-04-30,169.5294952392578,386.380126953125,162.19204711914062,175.0,86.38156127929688,428.98773193359375,183.27999877929688,67.91999816894531,462.8299865722656,45.91476821899414,158.3800048828125,30.155445098876953,550.6400146484375,61.099998474121094,110.30999755859375,196.9911346435547,163.46878051757812,868.8397827148438,128.8452911376953,85.87999725341797
2024-05-01,168.50433349609375,391.9476013183594,163.2681427001953,179.0,83.02135467529297,437.9829406738281,179.99000549316406,66.13999938964844,469.3900146484375,45.77794647216797,144.27000427246094,30.05647850036621,551.7100219726562,61.61000061035156,111.45999908447266,192.3700714111328,161.75376892089844,849.29150390625,123.15647888183594,73.83000183105469
2024-05-02,172.21682739257812,394.8256530761719,166.01815795898438,184.72000122070312,85.79669952392578,440.466064453125,180.00999450683594,66.9800033569336,476.57000732421875,45.72907638549805,146.16000366210938,30.195032119750977,565.1500244140625,62.83000183105469,125.58999633789062,196.25733947753906,177.51419067382812,866.658935546875,122.73136901855469,76.25199890136719
2024-05-03,182.51817321777344,403.5788269042969,166.6359405517578,186.2100067138672,88.76799774169922,450.7178039550781,181.19000244140625,65.69999694824219,486.17999267578125,46.05159378051758,150.60000610351562,30.58100700378418,579.3400268554688,61.81999969482422,125.0,202.38571166992188,177.060791015625,897.8784790039062,126.64942932128906,78.2699966430664
2024-05-06,180.8560333251953,410.40667724609375,167.4928436279297,188.6999969482422,92.11820220947266,464.4001159667969,184.75999450683594,65.61000061035156,493.5899963378906,46.04182434082031,155.77999877929688,30.774776458740234,596.969970703125,61.81999969482422,122.12999725341797,207.11587524414062,179.23907470703125,913.1048583984375,129.84017944335938,83.03500366210938
2024-05-07,181.54278564453125,406.238525390625,170.63143920898438,188.75999450683594,90.53257751464844,466.95306396484375,177.80999755859375,65.91999816894531,492.2699890136719,46.20796585083008,154.42999267578125,30.486604690551758,606.0,62.13999938964844,121.06999969482422,205.58876037597656,177.56344604492188,904.4410400390625,129.126708984375,81.92900085449219
2024-05-08,181.88119506835938,407.4294128417969,168.76821899414062,188.0,90.39060974121094,471.30108642578125,174.72000122070312,63.810001373291016,488.1000061035156,46.911643981933594,153.6199951171875,29.81089210510254,609.469970703125,61.22999954223633,121.88999938964844,205.62841796875,177.9577178955078,907.677490234375,131.3324737548828,82.26399993896484
2024-05-09,183.70260620117188,409.1959533691406,169.3461151123047,189.5,88.72601318359375,474.11334228515625,171.97000122070312,64.44999694824219,482.6499938964844,46.70640563964844,152.38999938964844,29.90032386779785,612.0900268554688,61.130001068115234,122.69000244140625,204.60699462890625,177.94786071777344,909.7388916015625,129.38037109375,79.97000122070312
2024-05-10,182.4368438720703,411.5976257324219,168.04083251953125,187.47999572753906,89.85673522949219,474.8912048339844,168.47000122070312,62.93000030517578,482.2900085449219,46.97028350830078,151.9199981689453,29.66183853149414,610.8699951171875,61.970001220703125,117.30999755859375,207.97860717773438,179.46575927734375,926.419189453125,132.0687255859375,79.8499984741211
2024-05-13,185.65603637695312,410.5853576660156,168.52908325195312,186.57000732421875,90.37762451171875,466.7237548828125,171.88999938964844,63.95000076293945,483.1099853515625,47.57622146606445,150.55999755859375,30.317676544189453,616.5900268554688,63.11000061035156,125.66999816894531,204.9044952392578,181.56517028808594,913.4235229492188,132.53546142578125,78.2760009765625
2024-05-14,186.8021697998047,413.40380859375,169.7247314453125,187.07000732421875,91.33439636230469,470.55316162109375,177.5500030517578,64.58000183105469,475.95001220703125,47.8400993347168,153.16000366210938,30.854272842407227,613.6599731445312,63.529998779296875,128.32000732421875,208.06787109375,186.2568359375,911.2227172851562,136.74880981445312,82.23699951171875
2024-05-15,189.08450317382812,420.6317443847656,171.88690185546875,185.99000549316406,94.60760498046875,480.216552734375,173.99000549316406,63.900001525878906,485.3500061035156,48.54377365112305,159.6699981689453,31.072887420654297,613.52001953125,63.810001373291016,129.05999755859375,215.673828125,191.81585693359375,933.51953125,142.31178283691406,95.23600006103516
2024-05-16,189.2041015625,418.5538635253906,173.5508575439453,183.6300048828125,94.33667755126953,471.92938232421875,174.83999633789062,64.0999984741211,482.8800048828125,47.24393081665039,162.6199951171875,31.828094482421875,610.52001953125,63.959999084472656,132.67999267578125,212.2427215576172,190.49510192871094,915.7139282226562,139.92962646484375,90.44000244140625
2024-05-17,189.2340087890625,417.7783508300781,175.424072265625,184.6999969482422,92.45712280273438,470.6130065917969,177.4600067138672,64.4800033569336,483.42999267578125,47.077781677246094,164.47000122070312,31.629356384277344,621.0999755859375,64.16000366210938,132.89999389648438,210.3090057373047,191.07662963867188,921.121337890625,138.2609405517578,88.78900146484375
2024-05-20,190.4000701904297,422.8786315917969,176.28097534179688,183.5399932861328,94.75758361816406,467.55145263671875,174.9499969482422,64.7699966430664,484.69000244140625,46.061370849609375,166.3300018310547,31.897653579711914,640.8200073242188,64.08999633789062,141.00999450683594,218.11326599121094,194.92062377929688,935.5311279296875,140.117919921875,90.39399719238281
2024-05-21,191.70570373535156,426.5572814941406,177.20761108398438,183.14999389648438,95.36344146728516,463.3529968261719,186.60000610351562,64.0999984741211,481.8500061035156,45.875675201416016,164.66000366210938,31.5399227142334,650.6099853515625,63.86000061035156,143.69000244140625,217.96453857421875,197.96627807617188,921.420166015625,138.6483917236328,89.8949966430664
2024-05-22,190.26055908203125,428.0286865234375,175.742919921875,183.1300048828125,94.92753601074219,466.4943542480469,180.11000061035156,62.189998626708984,483.92999267578125,46.35456848144531,165.52000427246094,31.221940994262695,640.469970703125,64.37999725341797,163.3300018310547,216.7227020263672,200.01638793945312,918.4923095703125,137.95870971679688,87.3270034790039
2024-05-23,186.2540283203125,424.5290832519531,172.92315673828125,181.0500030517578,103.77445220947266,464.49981689453125,173.74000549316406,61.58000183105469,483.30999755859375,45.54338455200195,160.42999267578125,29.8903865814209,635.6699829101562,62.41999816894531,164.00999450683594,216.52401733398438,198.86318969726562,930.3627319335938,138.06275939941406,84.73799896240234
2024-05-24,189.3436279296875,427.6707763671875,174.3579559326172,180.75,106.44380950927734,476.9056396484375,179.24000549316406,61.63999938964844,475.42999267578125,45.367469787597656,166.36000061035156,30.526351928710938,646.75,63.0099983215332,166.61000061035156,219.4447784423828,207.3397216796875,952.2413330078125,139.50453186035156,88.38800048828125
2024-05-28,189.35360717773438,427.8298645019531,175.76284790039062,182.14999389648438,113.87405395507812,478.6009826660156,176.75,62.16999816894531,478.42999267578125,45.23064041137695,171.61000061035156,30.86421012878418,649.0,62.060001373291016,153.1999969482422,219.87196350097656,210.02066040039062,987.7230834960938,139.96133422851562,87.47200012207031
2024-05-29,189.652587890625,426.6864929199219,175.26463317871094,182.02000427246094,114.79783630371094,473.0562438964844,176.19000244140625,61.04999923706055,477.6000061035156,45.035179138183594,165.13999938964844,29.94007110595703,654.6199951171875,61.36000061035156,147.9199981689453,217.61680603027344,205.26988220214844,953.8944702148438,137.8031463623047,83.97200012207031
2024-05-30,190.6492462158203,412.2704162597656,171.4883575439453,179.32000732421875,110.47386169433594,465.766357421875,178.7899932861328,62.5099983215332,445.8699951171875,45.07426834106445,166.75,29.99969482421875,647.6599731445312,60.529998779296875,151.49000549316406,215.1232147216797,202.68679809570312,962.1001586914062,135.16831970214844,82.79399871826172
2024-05-31,191.6060333251953,412.7277526855469,171.87692260742188,176.44000244140625,109.60707092285156,465.5469665527344,178.0800018310547,62.9900016784668,444.760009765625,45.445655822753906,166.89999389648438,30.655534744262695,641.6199951171875,61.34000015258789,142.5500030517578,213.6728057861328,201.94454956054688,956.3541259765625,131.64759826660156,78.45099639892578
2024-06-03,193.38006591796875,411.1270751953125,172.5445098876953,178.33999633789062,114.97279357910156,476.1776428222656,176.2899932861328,63.459999084472656,439.0199890136719,45.592254638671875,163.5500030517578,30.099063873291016,633.7899780273438,61.72999954223633,147.82000732421875,212.80848693847656,203.7853546142578,961.4627685546875,130.9886474609375,77.05899810791016
2024-06-04,193.69900512695312,413.6623229980469,173.1622772216797,179.33999633789062,116.40945434570312,475.67901611328125,174.77000427246094,63.33000183105469,448.3699951171875,46.344791412353516,159.99000549316406,29.8407039642334,631.6199951171875,61.529998779296875,145.33999633789062,210.8314971923828,202.26123046875,946.8538208007812,131.87254333496094,77.16100311279297
2024-06-05,195.21389770507812,421.5563659667969,174.77642822265625,181.27999877929688,122.4110336303711,493.6993713378906,175.0,63.529998779296875,455.79998779296875,44.97653579711914,166.1699981689453,30.585975646972656,650.27001953125,62.09000015258789,154.83999633789062,221.90853881835938,209.71353149414062,1037.0072021484375,140.02476501464844,80.25199890136719
2024-06-06,193.8285369873047,422.0633850097656,176.09164428710938,185.0,120.9693832397461,492.4029541015625,177.94000244140625,67.0199966430664,458.1300048828125,45.1817741394043,166.77999877929688,30.22824478149414,648.52001953125,63.11000061035156,154.69000244140625,220.2991485595703,207.2789306640625,1048.230224609375,138.85350036621094,77.79199981689453
2024-06-07,196.23048400878906,421.3973083496094,173.82986450195312,184.3000030517578,120.85940551757812,491.6051330566406,177.47999572753906,67.30000305175781,465.42999267578125,44.800621032714844,167.8699951171875,30.546226501464844,641.469970703125,62.84000015258789,151.00999450683594,220.27928161621094,204.48802185058594,1024.1409912109375,139.3856201171875,76.91100311279297
2024-06-10,192.4730987548828,425.39404296875,174.5780029296875,187.05999755859375,121.76119232177734,501.2186584472656,173.7899932861328,67.08999633789062,459.94000244140625,44.81039047241211,160.33999633789062,30.71515464782715,644.5,62.959999084472656,148.58999633789062,226.66722106933594,207.1898651123047,1037.3756103515625,142.73788452148438,78.68599700927734
2024-06-11,206.4561004638672,430.1761779785156,176.18402099609375,187.22999572753906,120.8913345336914,506.0752258300781,170.66000366210938,64.7699966430664,462.69000244140625,44.73220443725586,158.9600067138672,30.7250919342041,648.5499877929688,62.849998474121094,148.38999938964844,228.4653778076172,206.36842346191406,1031.6993408203125,144.77520751953125,76.76100158691406
2024-06-12,212.35630798339844,438.5076904296875,177.3511199951172,186.88999938964844,125.18065643310547,507.4414978027344,177.2899932861328,63.43000030517578,459.8699951171875,44.585601806640625,160.24000549316406,30.56610107421875,650.0599975585938,60.52000045776367,147.72000122070312,236.09510803222656,213.1675262451172,1064.41259765625,148.19186401367188,77.4739990234375
2024-06-13,213.52236938476562,439.0246887207031,174.72763061523438,183.8300018310547,129.58999633789062,502.71453857421875,182.47000122070312,61.540000915527344,458.739990234375,44.48787307739258,159.89999389648438,30.26799201965332,653.260009765625,57.939998626708984,145.22999572753906,235.99578857421875,215.56256103515625,1048.329833984375,166.37310791015625,87.11000061035156
2024-06-14,211.77822875976562,440.00897216796875,176.3535919189453,183.66000366210938,131.85963439941406,503.2735595703125,178.00999450683594,60.6349983215332,525.3099975585938,44.644248962402344,159.6300048828125,30.258056640625,669.3800048828125,57.7400016784668,140.02999877929688,235.47918701171875,213.108154296875,1023.6231689453125,171.9271697998047,84.4540023803711
2024-06-17,215.94422912597656,445.775390625,176.802490234375,184.05999755859375,130.95977783203125,505.7392272949219,187.44000244140625,60.130001068115234,518.739990234375,44.65401840209961,158.39999389648438,30.784713745117188,675.8300170898438,56.95000076293945,137.89999389648438,241.27102661132812,219.92706298828125,1048.0908203125,181.2248992919922,88.74099731445312
2024-06-18,213.5721893310547,443.75714111328125,174.65780639648438,182.80999755859375,135.55906677246094,498.61175537109375,184.86000061035156,59.119998931884766,522.25,44.927669525146484,154.6300048828125,30.436920166015625,685.6699829101562,56.209999084472656,133.27000427246094,246.20851135253906,224.74681091308594,1056.9637451171875,178.61383056640625,92.0009994506836
2024-06-20,208.97763061523438,443.120849609375,175.8648223876953,186.10000610351562,130.75979614257812,500.8179016113281,181.57000732421875,59.79999923706055,522.9500122070312,45.66066360473633,161.77999877929688,30.426984786987305,679.030029296875,58.310001373291016,134.39999389648438,238.41981506347656,213.2467041015625,1046.3680419921875,171.87962341308594,91.76399993896484
2024-06-21,206.7949981689453,447.17724609375,179.1865997314453,189.0800018310547,126.55045318603516,493.9100341796875,183.00999450683594,60.61000061035156,533.4400024414062,46.217742919921875,161.22999572753906,30.894020080566406,686.1199951171875,58.880001068115234,133.39999389648438,233.86978149414062,210.33705139160156,1032.2867431640625,164.35562133789062,90.5260009765625
2024-06-24,207.4427947998047,445.0794677734375,178.77760314941406,185.57000732421875,118.09175872802734,498.03277587890625,182.5800018310547,59.4900016784668,524.1699829101562,46.20796585083008,160.25,30.37729835510254,669.02001953125,57.810001373291016,137.0,228.33621215820312,198.7676544189453,997.8408203125,158.2749481201172,82.697998046875
2024-06-25,208.36968994140625,448.3404541015625,183.5757293701172,186.33999633789062,126.07052612304688,509.7022399902344,187.35000610351562,59.33000183105469,526.8800048828125,46.30569839477539,160.25,30.546226501464844,672.4099731445312,57.790000915527344,137.60000610351562,232.7372283935547,200.0839385986328,1019.0820922851562,157.1397247314453,84.31199645996094
2024-06-26,212.5356903076172,449.54345703125,183.4261016845703,193.61000061035156,126.38047790527344,512.2178344726562,196.3699951171875,58.2599983215332,528.6599731445312,45.79749298095703,157.5399932861328,30.347488403320312,677.6900024414062,57.540000915527344,122.44999694824219,230.65097045898438,195.29388427734375,1012.3701171875,158.2540740966797,83.11599731445312
2024-06-27,213.3828582763672,450.2294921875,184.95233154296875,197.85000610351562,123.9708480834961,518.646484375,197.4199981689453,58.369998931884766,546.760009765625,46.374114990234375,159.47000122070312,30.397172927856445,684.3400268554688,58.470001220703125,121.18000030517578,231.0086212158203,193.13636779785156,1023.7326049804688,157.7232666015625,89.03600311279297
2024-06-28,209.91448974609375,444.3636169433594,181.70037841796875,193.25,123.52091979980469,503.33343505859375,197.8800048828125,58.029998779296875,555.5399780273438,46.43274688720703,162.2100067138672,30.774776458740234,674.8800048828125,59.189998626708984,118.75,234.4459991455078,197.12478637695312,1018.4745483398438,159.59902954101562,81.93499755859375
2024-07-01,216.02395629882812,454.0870361328125,182.53831481933594,197.1999969482422,124.28080749511719,503.7926330566406,209.86000061035156,57.810001373291016,560.010009765625,46.442527770996094,157.69000244140625,30.645597457885742,673.6099853515625,59.209999084472656,115.94999694824219,235.856689453125,197.9660186767578,1029.189697265625,163.10508728027344,81.23200225830078
2024-07-02,219.53216552734375,456.62225341796875,184.78274536132812,200.0,122.65105438232422,508.6041564941406,231.25999450683594,58.970001220703125,567.7100219726562,46.20796585083008,164.30999755859375,30.874147415161133,679.5800170898438,58.34000015258789,117.06999969482422,239.28411865234375,198.09469604492188,1043.5299072265625,164.76316833496094,83.71700286865234
2024-07-03,220.80787658691406,458.1036376953125,185.361328125,197.58999633789062,128.26019287109375,509.0633544921875,246.38999938964844,59.63999938964844,570.1500244140625,46.02227783203125,163.89999389648438,31.033138275146484,682.510009765625,58.630001068115234,115.94999694824219,241.71807861328125,201.70701599121094,1066.9520263671875,171.89454650878906,84.69999694824219
2024-07-05,225.5818328857422,464.8543395996094,190.1295166015625,200.0,125.8105697631836,538.9606323242188,251.52000427246094,59.7599983215332,578.3400268554688,45.98284912109375,171.89999389648438,31.818159103393555,690.6500244140625,58.2599983215332,118.31999969482422,241.00279235839844,203.6269989013672,1070.00927734375,169.31893920898438,84.65799713134766
2024-07-08,227.056884765625,463.5419921875,188.56338500976562,199.2899932861328,128.18019104003906,528.3893432617188,252.94000244140625,59.09000015258789,575.4000244140625,45.40128707885742,178.69000244140625,33.77574157714844,685.739990234375,57.400001525878906,116.44999694824219,244.67857360839844,205.7449188232422,1072.9072265625,173.54867553710938,89.93399810791016
2024-07-09,227.9139862060547,456.8807678222656,188.51351928710938,199.33999633789062,131.35972595214844,529.068115234375,262.3299865722656,59.0,566.02001953125,45.14500045776367,177.10000610351562,34.3719596862793,685.739990234375,56.880001068115234,116.06999969482422,249.82470703125,204.9828643798828,1055.5595703125,172.3011016845703,89.56099700927734
2024-07-10,232.1995849609375,463.55194091796875,190.70806884765625,199.7899932861328,134.88917541503906,533.7498779296875,263.260009765625,58.900001525878906,564.5499877929688,45.60828399658203,183.9600067138672,34.65019226074219,677.6500244140625,56.0,117.44000244140625,253.30178833007812,206.64552307128906,1094.37744140625,173.43235778808594,89.99800109863281
2024-07-11,226.80772399902344,452.0687561035156,185.1119384765625,195.0500030517578,127.38032531738281,511.79852294921875,241.02999877929688,59.9900016784668,557.6300048828125,46.09127426147461,181.94000244140625,33.2888298034668,652.75,56.599998474121094,122.81999969482422,239.68148803710938,197.7878875732422,1058.0791015625,169.58139038085938,88.9219970703125
2024-07-12,229.76776123046875,450.9254150390625,184.61317443847656,194.49000549316406,129.2200469970703,497.9928283691406,248.22999572753906,60.27000045776367,559.0499877929688,46.70240783691406,181.61000061035156,34.27259063720703,647.5999755859375,57.58000183105469,121.45999908447266,241.8074951171875,200.34124755859375,1080.744384765625,169.0565185546875,90.99600219726562
2024-07-15,233.61483764648438,451.33306884765625,186.06954956054688,192.72000122070312,128.420166015625,495.2876281738281,252.63999938964844,60.470001220703125,565.7100219726562,46.72212219238281,179.8300018310547,34.242774963378906,656.4500122070312,58.32500076293945,121.4800033569336,243.94345092773438,206.03192138671875,1059.2044677734375,170.40147399902344,89.76799774169922
2024-07-16,234.033447265625,446.9187316894531,183.46600341796875,193.02000427246094,126.34048461914062,488.9288330078125,256.55999755859375,61.810001373291016,566.5399780273438,46.7418327331543,177.5500030517578,34.12353515625,656.3200073242188,59.15999984741211,125.13999938964844,244.23153686523438,207.4768524169922,1063.745361328125,168.37359619140625,87.69599914550781
2024-07-17,228.1133270263672,440.9534606933594,180.5731658935547,187.92999267578125,117.97177124023438,461.17767333984375,248.5,61.2400016784668,563.0900268554688,47.82610321044922,159.42999267578125,34.242774963378906,647.4600219726562,59.099998474121094,124.05500030517578,218.63015747070312,189.62301635742188,928.1818237304688,155.05320739746094,81.63099670410156
2024-07-18,223.42906188964844,437.82171630859375,177.2513885498047,183.75,121.07129669189453,475.0133361816406,249.22999572753906,60.0,556.8499755859375,47.352970123291016,155.77000427246094,34.65019226074219,643.0399780273438,59.150001525878906,121.31999969482422,216.22598266601562,189.4844512939453,920.3047485351562,159.5662384033203,80.16100311279297
2024-07-19,223.5586395263672,434.5805358886719,177.22146606445312,183.1300048828125,117.91178894042969,475.9516906738281,239.1999969482422,59.33000183105469,551.0,46.64326477050781,151.5800018310547,32.7721061706543,633.3400268554688,58.869998931884766,121.13999938964844,208.8843231201172,184.28863525390625,891.6444702148438,156.4150848388672,79.6780014038086
2024-07-22,223.20982360839844,440.3768310546875,181.2215576171875,182.5500030517578,123.52091979980469,486.5429992675781,251.50999450683594,60.77000045776367,554.8200073242188,46.150413513183594,155.8699951171875,33.15964889526367,647.5,58.63999938964844,122.5,222.00790405273438,192.95822143554688,937.3435668945312,160.10302734375,78.62799835205078
2024-07-23,224.25628662109375,442.2757873535156,181.3412628173828,186.41000366210938,122.5710678100586,487.83074951171875,246.3800048828125,59.709999084472656,546.010009765625,45.69699478149414,154.0,32.7422981262207,642.760009765625,59.41999816894531,121.25,218.21287536621094,191.35494995117188,928.9287719726562,162.79693603515625,78.3219985961914
2024-07-24,217.8079376220703,426.4180603027344,172.20387268066406,180.8300018310547,114.23235321044922,460.45892333984375,215.99000549316406,58.06999969482422,531.0399780273438,46.179988861083984,144.6300048828125,31.50017547607422,635.989990234375,58.15999984741211,118.19000244140625,205.1787109375,179.20167541503906,869.1185913085938,150.44078063964844,71.15599822998047
2024-07-25,216.76148986816406,415.9788513183594,166.86708068847656,179.85000610351562,112.26265716552734,452.61279296875,220.25,57.220001220703125,532.1500244140625,46.56441116333008,138.32000732421875,30.90395736694336,634.0900268554688,59.61000061035156,120.4000015258789,200.9962921142578,173.5802764892578,859.0407104492188,148.37313842773438,69.56099700927734
2024-07-26,217.2299041748047,422.8090515136719,166.5877685546875,182.5,113.04254150390625,464.8811950683594,219.8000030517578,58.290000915527344,542.4400024414062,47.19525909423828,139.99000549316406,31.152381896972656,631.3699951171875,60.09000015258789,122.11000061035156,205.11912536621094,178.1921844482422,884.6935424804688,150.72906494140625,71.21900177001953
2024-07-29,217.50897216796875,424.2606506347656,169.1115264892578,183.1999969482422,111.57276153564453,464.8911437988281,232.10000610351562,58.939998626708984,536.6099853515625,47.30368423461914,139.75,30.63566017150879,626.9600219726562,60.31999969482422,122.16999816894531,204.2250213623047,176.79672241210938,868.5340576171875,149.3274383544922,69.77300262451172
2024-07-30,218.06710815429688,420.47265625,169.86964416503906,181.7100067138672,103.71398162841797,462.3755798339844,222.6199951171875,64.0,538.7100219726562,47.4515380859375,138.44000244140625,29.94007110595703,622.5800170898438,61.04999923706055,118.83999633789062,195.45278930664062,165.21746826171875,858.2479248046875,142.66725158691406,66.63099670410156
2024-07-31,221.3361053466797,415.92913818359375,171.11656188964844,186.97999572753906,117.00192260742188,473.9951171875,232.07000732421875,65.77999877929688,551.6500244140625,47.75710678100586,144.47999572753906,30.546226501464844,628.3499755859375,60.400001525878906,119.22000122070312,210.81163024902344,179.0828857421875,934.5308837890625,159.72528076171875,70.16500091552734
2024-08-01,217.62855529785156,414.6962585449219,170.33848571777344,184.07000732421875,109.1931381225586,496.86480712890625,216.86000061035156,65.30999755859375,546.4099731445312,46.71226501464844,132.5399932861328,28.866878509521484,624.8499755859375,58.970001220703125,94.16999816894531,195.0156707763672,162.3077850341797,881.6636352539062,146.14645385742188,67.2239990234375
2024-08-02,219.12355041503906,406.12615966796875,166.2486114501953,167.89999389648438,107.25342559814453,487.2817077636719,207.6699981689453,61.97999954223633,526.1699829101562,45.99270248413086,132.5,21.3445987701416,613.6400146484375,58.4900016784668,86.58000183105469,180.62046813964844,157.66616821289062,807.4757690429688,142.96548461914062,62.46500015258789
2024-08-05,208.56903076171875,392.8633728027344,158.85690307617188,161.02000427246094,100.43448638916016,474.8935546875,198.8800048828125,60.459999084472656,509.32000732421875,44.10016632080078,134.82000732421875,19.983234405517578,598.5499877929688,55.630001068115234,83.75,180.699951171875,156.32022094726562,818.4503173828125,141.23580932617188,60.882999420166016
2024-08-06,206.5358428955078,397.29754638671875,157.89926147460938,161.92999267578125,104.23389434814453,493.2212219238281,200.63999938964844,62.75,514.2000122070312,44.514156341552734,130.17999267578125,19.704999923706055,609.5700073242188,55.83000183105469,82.30000305175781,182.11065673828125,157.082275390625,841.057861328125,143.0648651123047,61.694000244140625
2024-08-07,209.11717224121094,396.1243591308594,158.54766845703125,162.77000427246094,98.89472961425781,488.06036376953125,191.75999450683594,62.7400016784668,513.6199951171875,44.474727630615234,128.6699981689453,18.989999771118164,611.47998046875,55.720001220703125,81.55000305175781,177.34205627441406,154.50909423828125,834.4132690429688,135.4603271484375,49.27000045776367
2024-08-08,212.59547424316406,400.3597412109375,161.63003540039062,165.8000030517578,104.95378875732422,508.7339172363281,198.83999633789062,64.27999877929688,530.239990234375,45.17457962036133,136.32000732421875,20.489999771118164,630.3499755859375,56.209999084472656,84.31999969482422,189.3032684326172,163.24798583984375,874.6199951171875,144.87405395507812,50.99399948120117
2024-08-09,215.51568603515625,403.67047119140625,163.2659912109375,166.94000244140625,104.73382568359375,516.859619140625,200.0,64.72000122070312,536.2999877929688,44.81972122192383,134.27000427246094,19.709999084472656,633.9400024414062,56.380001068115234,84.93000030517578,189.92916870117188,162.7828369140625,858.5571899414062,147.3790740966797,50.875999450683594
2024-08-12,217.0522918701172,404.4559020996094,161.88938903808594,166.8000030517578,109.00315856933594,515.0427856445312,197.49000549316406,63.459999084472656,530.9299926757812,44.218448638916016,136.77000427246094,19.360000610351562,633.1400146484375,55.31999969482422,81.29000091552734,191.82666015625,161.20924377441406,850.885009765625,147.7369384765625,54.097999572753906
2024-08-13,220.78408813476562,411.6142578125,163.75477600097656,170.22999572753906,116.12206268310547,527.6106567382812,207.8300018310547,65.11000061035156,535.219970703125,44.721153259277344,141.1300048828125,20.469999313354492,648.02001953125,56.650001525878906,82.9000015258789,199.4862060546875,167.72134399414062,867.4765014648438,155.23214721679688,56.74300003051758
2024-08-14,221.23309326171875,414.4477233886719,159.97412109375,170.10000610351562,118.061767578125,525.8338623046875,201.3800048828125,66.13999938964844,539.7899780273438,44.7901496887207,140.75,19.920000076293945,661.6799926757812,57.0,82.25,200.31080627441406,165.42527770996094,877.5431518554688,156.75306701660156,57.70899963378906
2024-08-15,224.22650146484375,419.34808349609375,160.90184020996094,177.58999633789062,122.84102630615234,536.3851928710938,214.13999938964844,67.94000244140625,554.1599731445312,47.835960388183594,147.36000061035156,20.690000534057617,663.219970703125,57.849998474121094,86.62000274658203,210.4440460205078,171.55140686035156,926.1004638671875,165.1428985595703,62.66899871826172
2024-08-16,225.5535888671875,416.7983093261719,162.5577392578125,177.05999755859375,124.56076049804688,526.4926147460938,216.1199951171875,67.95999908447266,553.4600219726562,48.75265884399414,148.55999755859375,20.8700008392334,674.0700073242188,58.06999969482422,86.83999633789062,206.53976440429688,170.40338134765625,916.5326538085938,164.73533630371094,62.880001068115234
2024-08-19,225.3939208984375,419.8460693359375,166.25857543945312,178.22000122070312,129.97991943359375,528.349365234375,222.72000122070312,69.43000030517578,563.1199951171875,49.26522445678711,155.27999877929688,21.520000457763672,688.530029296875,59.81999969482422,89.95999908447266,209.55987548828125,172.4619140625,930.9891357421875,166.71353149414062,62.36199951171875
2024-08-20,226.0125732421875,423.10302734375,166.76731872558594,178.8800048828125,127.23035430908203,525.8038330078125,221.10000610351562,71.88999938964844,562.25,49.52151107788086,156.39999389648438,20.989999771118164,698.5399780273438,59.130001068115234,86.94000244140625,204.8111572265625,170.33412170410156,924.0352172851562,164.96397399902344,61.090999603271484
2024-08-21,225.90281677246094,422.4456787109375,165.44061279296875,180.11000061035156,128.48016357421875,534.218994140625,223.27000427246094,71.45999908447266,565.7899780273438,49.7285041809082,157.80999755859375,21.40999984741211,697.1199951171875,60.22999954223633,86.6500015258789,207.75177001953125,172.42234802246094,941.4248657226562,164.79498291015625,62.37799835205078
2024-08-22,224.0369110107422,413.88995361328125,163.39566040039062,176.1300048828125,123.72088623046875,530.9947509765625,210.66000366210938,71.5199966430664,557.4400024414062,49.501792907714844,151.6999969482422,20.100000381469727,688.9600219726562,68.04000091552734,81.04000091552734,199.2713165283203,167.25621032714844,905.6080322265625,161.3754119873047,60.481998443603516
2024-08-23,226.3418426513672,415.1250305175781,165.21116638183594,177.0399932861328,129.3500213623047,527.0715942382812,220.32000732421875,71.69999694824219,558.2999877929688,50.01435852050781,154.97999572753906,20.540000915527344,686.72998046875,70.13999938964844,82.44000244140625,201.72984313964844,171.7097625732422,905.1590576171875,165.3715362548828,61.32400131225586
2024-08-26,226.68109130859375,411.8382263183594,165.74984741210938,175.5,126.44046783447266,520.2037353515625,213.2100067138672,72.04000091552734,559.4400024414062,50.06364059448242,149.99000549316406,20.1299991607666,688.4400024414062,71.31999969482422,81.66000366210938,195.31971740722656,167.7411346435547,881.2645263671875,158.6715850830078,56.250999450683594
2024-08-27,227.52923583984375,412.18682861328125,164.27349853515625,173.1199951171875,128.2801971435547,518.187255859375,209.2100067138672,71.58999633789062,567.8200073242188,49.98478317260742,150.5,20.06999969482422,695.719970703125,71.9000015258789,78.9800033569336,194.8618621826172,172.13531494140625,887.8193359375,160.4310760498047,54.763999938964844
2024-08-28,225.99261474609375,408.9597473144531,162.44802856445312,170.8000030517578,125.59060668945312,515.871337890625,205.75,70.43000030517578,560.5399780273438,49.137081146240234,146.36000061035156,19.610000610351562,683.8400268554688,70.69000244140625,78.36000061035156,191.99522399902344,170.07679748535156,886.0733642578125,157.24014282226562,44.3489990234375
2024-08-29,229.28536987304688,411.4696960449219,161.3806610107422,172.1199951171875,117.57183837890625,517.3087768554688,206.27999877929688,73.16000366210938,569.6300048828125,49.66935729980469,145.49000549316406,20.1299991607666,692.47998046875,69.94000244140625,77.58999633789062,192.0847930908203,167.7411346435547,885.6543579101562,155.99757385253906,44.88199996948242
2024-08-30,228.49710083007812,415.4736328125,162.97671508789062,178.5,119.35157012939453,520.3934326171875,214.11000061035156,72.43000030517578,574.4099731445312,49.81721496582031,148.55999755859375,22.040000915527344,701.3499755859375,69.08000183105469,77.4000015258789,196.34494018554688,173.49119567871094,901.7769165039062,161.8525848388672,43.77000045776367
2024-09-03,222.28079223632812,407.80438232421875,156.97157287597656,176.25,107.98332214355469,510.86016845703125,210.60000610351562,72.0,571.0399780273438,49.34408187866211,136.94000244140625,20.100000381469727,675.3200073242188,68.83000183105469,72.94000244140625,182.5193634033203,161.55563354492188,843.432373046875,151.88217163085938,44.178001403808594
2024-09-04,220.36500549316406,407.26654052734375,156.06381225585938,173.3300018310547,106.19359588623047,511.8384094238281,219.41000366210938,72.61000061035156,575.25,48.989227294921875,140.8699951171875,19.43000030517578,679.6799926757812,68.19000244140625,72.48999786376953,181.5339813232422,163.6240692138672,809.600830078125,153.2042694091797,42.34700012207031
2024-09-05,221.8916473388672,406.75860595703125,156.85186767578125,177.88999938964844,107.19344329833984,515.951171875,230.1699981689453,72.02999877929688,567.9299926757812,48.42738342285156,139.44000244140625,19.399999618530273,683.6199951171875,67.2300033569336,73.44000244140625,179.40391540527344,162.84812927246094,793.7576293945312,151.9119873046875,41.459999084472656
2024-09-06,220.33506774902344,400.0953369140625,150.54745483398438,171.38999938964844,102.81411743164062,499.3903503417969,210.72999572753906,68.88999938964844,563.4099731445312,47.80638885498047,134.35000610351562,18.889999389648438,665.77001953125,67.18000030517578,72.88999938964844,173.93936157226562,157.36680603027344,751.0467529296875,136.1859893798828,38.645999908447266
2024-09-09,220.4248809814453,404.0992431640625,148.53976440429688,175.39999389648438,106.45355224609375,503.9024353027344,216.27000427246094,69.3499984741211,569.8800048828125,48.00353240966797,138.14999389648438,19.06999969482422,675.4199829101562,66.58999633789062,76.61000061035156,176.72637939453125,159.93338012695312,748.0836791992188,139.98330688476562,40.98699951171875
2024-09-10,219.62661743164062,412.5453796386719,148.4898223876953,179.5500030517578,108.08330535888672,503.9024353027344,226.1699981689453,68.8499984741211,574.47998046875,48.092247009277344,142.83999633789062,18.979999542236328,673.6199951171875,66.69999694824219,79.27999877929688,177.22406005859375,160.83863830566406,749.6400146484375,147.3293914794922,41.27199935913086
2024-09-11,222.17103576660156,421.3500671386719,150.98695373535156,184.52000427246094,116.8919448852539,510.9300231933594,228.1300048828125,69.3499984741211,580.3800048828125,48.40766525268555,149.86000061035156,19.639999389648438,681.469970703125,67.30000305175781,79.51000213623047,185.07745361328125,165.69325256347656,798.287109375,157.32962036132812,44.540000915527344
2024-09-12,222.28079223632812,425.29425048828125,154.51292419433594,187.0,119.13179016113281,524.6758422851562,229.80999755859375,70.36000061035156,586.5499877929688,48.900516510009766,150.77000427246094,19.360000610351562,686.7999877929688,66.55000305175781,69.68000030517578,182.36012268066406,164.1214599609375,798.3170166015625,163.5822296142578,44.2130012512207
2024-09-13,222.01136779785156,428.869873046875,157.27975463867188,186.49000549316406,119.09178924560547,523.6975708007812,230.2899932861328,70.0999984741211,536.8699951171875,49.08779525756836,152.30999755859375,19.65999984741211,697.0599975585938,67.58999633789062,68.27999877929688,187.59571838378906,166.85716247558594,814.4695434570312,166.69363403320312,45.715999603271484
2024-09-16,215.84495544433594,429.61688232421875,157.87905883789062,184.88999938964844,116.7719497680664,532.8502197265625,226.77999877929688,71.06999969482422,521.5,50.300209045410156,152.0800018310547,20.90999984741211,696.5,67.62000274658203,69.16999816894531,186.70985412597656,165.74298095703125,801.1803588867188,163.04544067382812,44.90999984741211
2024-09-17,216.31390380859375,433.41168212890625,159.1376190185547,186.8800048828125,115.58203125,535.8877563476562,227.8699951171875,71.7699966430664,515.030029296875,49.88621520996094,150.82000732421875,21.469999313354492,706.9099731445312,68.11000061035156,71.98999786376953,187.7151641845703,167.82211303710938,803.8242797851562,161.50465393066406,43.9379997253418
2024-09-18,220.20535278320312,429.0890197753906,159.62705993652344,186.42999267578125,113.36219024658203,537.5164184570312,227.1999969482422,73.12000274658203,508.1300048828125,49.84678649902344,148.2899932861328,20.770000457763672,690.469970703125,66.04000091552734,69.86000061035156,185.2765350341797,167.4241943359375,786.015625,160.70941162109375,43.6879997253418
2024-09-19,228.3673858642578,436.9375305175781,161.9543914794922,189.8699951171875,117.86187744140625,558.6493530273438,243.9199981689453,77.56999969482422,526.4400024414062,50.704345703125,156.74000549316406,21.139999389648438,704.3200073242188,66.91000366210938,68.0199966430664,195.79750061035156,173.0149383544922,826.2421875,166.97262573242188,43.720001220703125
2024-09-20,227.6988525390625,433.53118896484375,163.40272521972656,191.60000610351562,115.99200439453125,560.8975219726562,238.25,76.76000213623047,522.2999877929688,51.22676467895508,155.9499969482422,21.84000015258789,701.030029296875,67.52999877929688,65.69000244140625,191.26861572265625,168.0409698486328,793.4384155273438,170.64279174804688,45.72700119018555
2024-09-23,225.97265625,431.77825927734375,161.6647186279297,193.8800048828125,116.25199127197266,563.955078125,250.0,77.66999816894531,527.8699951171875,51.44361877441406,156.75,22.559999465942383,705.3699951171875,68.79000091552734,64.13999938964844,193.13987731933594,165.09637451171875,801.6393432617188,172.47787475585938,46.59400177001953
2024-09-24,226.8706817626953,427.45556640625,162.1042022705078,193.9600067138672,120.8616714477539,562.8759765625,254.27000427246094,78.33999633789062,524.0700073242188,51.76890182495117,158.32000732421875,22.809999465942383,722.260009765625,69.43000030517578,63.939998626708984,195.86717224121094,166.0812225341797,812.114990234375,174.37278747558594,46.361000061035156
2024-09-25,225.8728790283203,430.3838195800781,161.3051300048828,192.52999877929688,123.50149536132812,567.8519287109375,257.0199890136719,77.36000061035156,517.9000244140625,51.89704132080078,162.02000427246094,23.540000915527344,721.5599975585938,67.94999694824219,63.63999938964844,196.39471435546875,167.39434814453125,816.2853393554688,175.0509796142578,45.814998626708984
2024-09-26,227.02035522460938,429.5870056152344,162.543701171875,191.16000366210938,124.03145599365234,567.3823852539062,254.22000122070312,80.08000183105469,515.3800048828125,52.09417724609375,167.49000549316406,23.920000076293945,711.4299926757812,68.9000015258789,63.93000030517578,208.63766479492188,171.76150512695312,850.4660034179688,177.61410522460938,40.2400016784668
2024-09-27,227.2897491455078,426.3101501464844,163.76231384277344,187.97000122070312,121.39163970947266,566.9027099609375,260.4599914550781,77.87999725341797,515.47998046875,52.261749267578125,164.35000610351562,23.90999984741211,707.3499755859375,69.55000305175781,65.75,203.9694061279297,169.2446746826172,839.5912475585938,172.22854614257812,41.9739990234375
2024-09-30,232.48831176757812,428.5810241699219,165.66014099121094,186.3300018310547,121.43163299560547,571.9786376953125,261.6300048828125,78.02999877929688,517.780029296875,52.45888900756836,164.0800018310547,23.459999084472656,709.27001953125,69.73999786376953,66.83000183105469,201.11273193359375,169.1650848388672,831.3204345703125,172.03904724121094,41.63999938964844
2024-10-01,225.71322631835938,419.0094299316406,166.79884338378906,185.1300048828125,116.99193572998047,576.00537109375,258.0199890136719,77.47000122070312,502.79998779296875,51.985755920410156,159.75,22.690000534057617,706.1300048828125,68.63999938964844,63.93000030517578,196.28521728515625,164.9173126220703,820.4456787109375,167.02249145507812,40.54999923706055
2024-10-02,226.28196716308594,415.46368408203125,165.67013549804688,184.75999450683594,118.84181213378906,572.3483276367188,249.02000427246094,77.44000244140625,505.80999755859375,52.263858795166016,159.77999877929688,22.389999389648438,711.0900268554688,67.61000061035156,63.15999984741211,200.21690368652344,167.444091796875,830.2628784179688,170.20396423339844,42.0
2024-10-03,225.17440795898438,414.87603759765625,165.67013549804688,181.9600067138672,122.84153747558594,582.30029296875,240.66000366210938,77.30999755859375,503.79998779296875,52.07514572143555,162.85000610351562,22.260000228881836,706.7999877929688,67.20999908447266,61.06999969482422,198.66412353515625,168.0409698486328,830.4823608398438,171.43067932128906,41.54999923706055
2024-10-04,226.30194091796875,414.39794921875,166.86875915527344,186.50999450683594,124.91139221191406,595.459716796875,250.0800018310547,79.36000061035156,507.2200012207031,52.39297866821289,170.89999389648438,22.59000015258789,719.7000122070312,68.66000366210938,60.20000076293945,201.03311157226562,168.0210723876953,831.071044921875,176.16798400878906,41.22999954223633
2024-10-07,221.2031707763672,407.9040222167969,162.79342651367188,180.8000030517578,127.7112045288086,584.3087158203125,240.8300018310547,80.26000213623047,487.29998779296875,52.15460205078125,170.97000122070312,22.3799991607666,701.9199829101562,68.16000366210938,58.720001220703125,199.20162963867188,166.07127380371094,815.3574829101562,174.61215209960938,47.7400016784668
2024-10-08,225.27420043945312,413.0533447265625,164.19183349609375,182.72000122070312,132.88084411621094,592.4121704101562,244.5,81.16000366210938,496.239990234375,52.37311553955078,172.8000030517578,23.31999969482422,721.760009765625,68.31999969482422,58.38999938964844,199.94815063476562,165.47439575195312,822.3512573242188,180.24705505371094,45.349998474121094
2024-10-09,229.03591918945312,415.7923278808594,161.67471313476562,185.1699981689453,132.64085388183594,590.0340576171875,241.0500030517578,81.6500015258789,494.0799865722656,53.1974983215332,171.02000427246094,23.459999084472656,727.4299926757812,69.97000122070312,58.86000061035156,204.10874938964844,169.33419799804688,843.941162109375,185.45310974121094,47.290000915527344
2024-10-10,228.53700256347656,414.1788024902344,161.8944549560547,186.64999389648438,134.8007049560547,583.3594360351562,238.77000427246094,78.9800033569336,503.57000732421875,53.17763137817383,164.17999267578125,23.219999313354492,730.2899780273438,70.8499984741211,56.83000183105469,203.01388549804688,167.64305114746094,832.0387573242188,185.1938018798828,46.470001220703125
2024-10-11,227.05029296875,414.65692138671875,163.05313110351562,188.82000732421875,134.79071044921875,589.4745483398438,217.8000030517578,80.51000213623047,495.4200134277344,53.88282775878906,167.88999938964844,23.559999465942383,722.7899780273438,70.68000030517578,58.290000915527344,204.10874938964844,169.09544372558594,838.7432250976562,180.9950408935547,47.79999923706055
2024-10-14,230.79205322265625,417.46563720703125,164.7711639404297,187.5399932861328,138.0605010986328,589.944091796875,219.16000366210938,80.66999816894531,509.6499938964844,53.90269088745117,165.27000427246094,23.440000534057617,713.0,67.88999938964844,57.72999954223633,212.89781188964844,177.11349487304688,870.2501220703125,181.8228302001953,47.38999938964844
2024-10-15,233.33645629882812,417.0672302246094,165.27059936523438,187.69000244140625,131.5909423828125,585.7974853515625,219.57000732421875,79.55000305175781,508.0299987792969,53.7139778137207,156.63999938964844,22.65999984741211,705.97998046875,68.41999816894531,57.310001373291016,190.13389587402344,173.18406677246094,728.738525390625,175.50975036621094,47.7599983215332
2024-10-16,231.27099609375,414.45770263671875,164.97093200683594,186.88999938964844,135.7106475830078,576.3250732421875,221.3300018310547,80.81999969482422,502.5400085449219,55.9984130859375,156.1300048828125,22.309999465942383,702.0,68.93000030517578,57.459999084472656,183.7337188720703,170.587646484375,681.9371948242188,176.34750366210938,48.75
2024-10-17,231.6401824951172,415.0553283691406,162.74346923828125,187.52999877929688,136.92056274414062,576.4650268554688,220.88999938964844,79.81999969482422,496.8299865722656,56.01827621459961,156.25,22.440000534057617,687.6500244140625,70.19999694824219,54.81999969482422,182.38998413085938,170.20962524414062,698.9776000976562,181.044921875,47.59000015258789
2024-10-18,234.4839324951172,416.4895324707031,163.23292541503906,188.99000549316406,137.99049377441406,576.00537109375,220.6999969482422,80.94000244140625,494.8999938964844,56.37583541870117,155.97000122070312,22.770000457763672,763.8900146484375,70.5199966430664,54.099998474121094,185.49551391601562,170.0305633544922,721.5851440429688,179.4093017578125,47.2599983215332
2024-10-21,235.96067810058594,417.1070861816406,163.88218688964844,189.07000732421875,143.70010375976562,574.6964111328125,218.85000610351562,80.55999755859375,497.7099914550781,56.20698928833008,157.89999389648438,22.84000015258789,772.0700073242188,72.16999816894531,53.79999923706055,183.6043243408203,168.1304931640625,712.4463500976562,179.509033203125,47.79999923706055
2024-10-22,235.342041015625,425.8022155761719,164.95095825195312,189.6999969482422,143.58010864257812,581.5409545898438,217.97000122070312,80.91000366210938,493.1099853515625,56.2169189453125,154.08999633789062,22.399999618530273,764.239990234375,72.22000122070312,53.400001525878906,182.15109252929688,172.27879333496094,719.2405395507812,178.90066528320312,45.970001220703125
2024-10-23,230.25323486328125,422.9038391113281,162.59365844726562,184.7100067138672,139.55038452148438,563.2356567382812,213.64999389648438,80.83000183105469,485.0299987792969,55.899085998535156,152.91000366210938,21.979999542236328,749.2899780273438,72.54000091552734,53.38999938964844,181.85247802734375,165.73304748535156,706.9790649414062,173.0463409423828,45.36000061035156
2024-10-24,230.06365966796875,423.0332946777344,162.53372192382812,186.3800048828125,140.40032958984375,567.3223876953125,260.4800109863281,81.38999938964844,482.8699951171875,55.58125305175781,153.44000244140625,22.34000015258789,754.5499877929688,72.66000366210938,52.79999923706055,182.89761352539062,167.22523498535156,709.1640014648438,170.89212036132812,46.22999954223633
2024-10-25,230.9018096923828,426.43963623046875,165.080810546875,187.8300018310547,141.53024291992188,572.7879638671875,269.19000244140625,81.69999694824219,483.7200012207031,55.36274337768555,156.22999572753906,22.68000030517578,754.6799926757812,72.62999725341797,53.09000015258789,185.65476989746094,169.38394165039062,710.0519409179688,172.53770446777344,47.27000045776367
2024-10-28,232.88743591308594,424.8858947753906,166.52914428710938,188.38999938964844,140.51031494140625,577.6939697265625,262.510009765625,83.58999633789062,481.0400085449219,54.905853271484375,159.9199981689453,22.920000076293945,749.1199951171875,73.8499984741211,54.79999923706055,184.48023986816406,171.32379150390625,707.009033203125,171.56033325195312,47.720001220703125
2024-10-29,233.15684509277344,430.2244873046875,169.48574829101562,190.8300018310547,141.24026489257812,592.8018798828125,259.5199890136719,80.27999877929688,485.3900146484375,55.30315017700195,166.25,22.899999618530273,759.4400024414062,75.5,55.220001220703125,189.23806762695312,175.08412170410156,715.1400146484375,178.76104736328125,49.119998931884766
2024-10-30,229.59469604492188,430.8021545410156,174.26028442382812,192.72999572753906,139.3303985595703,591.322998046875,257.54998779296875,78.22000122070312,486.67999267578125,55.2137565612793,148.60000610351562,22.299999237060547,753.739990234375,74.77999877929688,54.720001220703125,184.4404296875,166.7477264404297,683.8300170898438,176.16798400878906,33.06999969482422
2024-10-31,225.4138946533203,404.72674560546875,170.91412353515625,186.39999389648438,132.7508544921875,567.12255859375,249.85000610351562,79.30000305175781,478.0799865722656,54.39930725097656,144.07000732421875,21.520000457763672,756.030029296875,74.73999786376953,54.36000061035156,180.73768615722656,161.9229736328125,672.5499877929688,169.31634521484375,29.110000610351562
2024-11-01,222.4204864501953,408.73065185546875,171.09390258789062,197.92999267578125,135.3906707763672,566.702880859375,248.97999572753906,77.25,482.79998779296875,55.124366760253906,141.86000061035156,23.200000762939453,756.0999755859375,75.5999984741211,54.630001068115234,182.5293426513672,164.4099578857422,674.72998046875,168.46861267089844,26.049999237060547
2024-11-04,221.52244567871094,406.8282775878906,169.0462646484375,195.77999877929688,136.04063415527344,560.2280883789062,242.83999633789062,78.12999725341797,481.3500061035156,55.45213317871094,140.7100067138672,22.520000457763672,755.510009765625,75.54000091552734,53.540000915527344,180.97657775878906,164.32041931152344,671.1599731445312,168.099609375,26.030000686645508
2024-11-05,222.95928955078125,409.8163146972656,169.5457000732422,199.5,139.90036010742188,571.9686279296875,251.44000244140625,79.25,486.4200134277344,55.77989959716797,141.66000366210938,23.31999969482422,763.9099731445312,77.75,53.290000915527344,185.6149444580078,165.046630859375,676.4600219726562,173.435302734375,27.700000762939453
2024-11-06,222.23089599609375,418.50146484375,176.3079376220703,207.08999633789062,145.59996032714844,571.5889282226562,288.5299987792969,81.41000366210938,504.8299865722656,57.47832489013672,145.10000610351562,25.049999237060547,780.2100219726562,79.69000244140625,51.810001373291016,186.65013122558594,172.0897979736328,661.4299926757812,179.07020568847656,22.700000762939453
2024-11-07,226.98043823242188,423.73052978515625,180.5430908203125,210.0500030517578,148.8697509765625,591.22314453125,296.9100036621094,81.3499984741211,500.9200134277344,57.68690490722656,149.82000732421875,26.229999542236328,796.5399780273438,80.19000244140625,50.279998779296875,193.1896514892578,172.0102081298828,677.2100219726562,183.31881713867188,25.479999542236328
2024-11-08,226.7107391357422,420.85205078125,178.14584350585938,208.17999267578125,147.6198272705078,588.8650512695312,321.2200012207031,83.01000213623047,494.67999267578125,57.66704177856445,147.9499969482422,26.200000762939453,795.0399780273438,81.45999908447266,46.83000183105469,191.1392059326172,170.02061462402344,669.469970703125,183.14927673339844,24.520000457763672
2024-11-11,223.98373413085938,416.34014892578125,180.1435546875,206.83999633789062,145.24998474121094,582.699951171875,350.0,86.94000244140625,504.4800109863281,58.233184814453125,147.35000610351562,25.049999237060547,805.4400024414062,85.58000183105469,42.75,187.68528747558594,167.41424560546875,671.3099975585938,178.43191528320312,23.229999542236328
2024-11-12,223.98373413085938,421.340087890625,181.41207885742188,208.91000366210938,148.27976989746094,584.3486328125,328.489990234375,86.4000015258789,526.4199829101562,58.31264114379883,143.6300048828125,24.15999984741211,819.5,86.31999969482422,43.470001220703125,185.7443389892578,162.5596466064453,669.1799926757812,175.7490997314453,21.700000762939453
2024-11-13,224.8727569580078,423.50146484375,178.67523193359375,214.10000610351562,146.25991821289062,579.5325317382812,330.239990234375,87.30999755859375,532.5,58.77946090698242,139.3000030517578,24.920000076293945,830.469970703125,85.04000091552734,42.13999938964844,181.9420623779297,159.585205078125,673.4099731445312,173.1161651611328,20.329999923706055
2024-11-14,227.9693603515625,425.1846923828125,175.37899780273438,211.47999572753906,146.7498779296875,576.69482421875,311.17999267578125,85.79000091552734,529.8699951171875,57.527984619140625,138.83999633789062,25.030000686645508,837.260009765625,82.62999725341797,39.77000045776367,185.13717651367188,163.11672973632812,692.9600219726562,169.92471313476562,18.010000228881836
2024-11-15,224.7528839111328,413.3421936035156,172.29254150390625,202.61000061035156,141.97021484375,553.6334228515625,320.7200012207031,85.83000183105469,503.3699951171875,57.07109832763672,134.89999389648438,24.350000381469727,823.9600219726562,81.13999938964844,36.849998474121094,168.09658813476562,159.66477966308594,658.6300048828125,164.39950561523438,18.579999923706055
2024-11-18,227.7695770263672,414.0991516113281,175.0993194580078,201.6999969482422,140.1403350830078,553.9531860351562,338.739990234375,84.66999816894531,499.510009765625,56.922119140625,138.92999267578125,24.84000015258789,847.0499877929688,78.93000030517578,39.5099983215332,169.93800354003906,163.6439666748047,665.22998046875,165.227294921875,21.540000915527344
2024-11-19,228.02928161621094,416.1210632324219,177.9160919189453,204.61000061035156,146.99986267089844,560.6378173828125,346.0,84.08999633789062,499.6099853515625,56.6241455078125,139.38999938964844,24.200000762939453,871.3200073242188,77.75,37.290000915527344,168.52459716796875,163.85287475585938,662.1599731445312,164.9081573486328,28.270000457763672
2024-11-20,228.7484893798828,413.8302001953125,175.77853393554688,202.8800048828125,145.87994384765625,565.064208984375,342.0299987792969,84.73999786376953,499.5,57.11083221435547,137.60000610351562,24.010000228881836,883.8499755859375,78.86000061035156,36.939998626708984,169.6991424560547,153.4672088623047,658.4299926757812,162.8137664794922,25.799999237060547
2024-11-21,228.26902770996094,412.0437927246094,167.4381103515625,198.3800048828125,146.65989685058594,562.6361694335938,339.6400146484375,84.81999969482422,504.44000244140625,57.17042541503906,137.49000549316406,24.440000534057617,897.47998046875,81.19999694824219,38.25,175.3461151123047,154.65101623535156,672.1599731445312,163.50192260742188,29.700000762939453
2024-11-22,229.61753845214844,416.16552734375,164.57138061523438,197.1199951171875,141.94021606445312,558.6893920898438,352.55999755859375,86.7699966430664,512.1500244140625,58.153724670410156,138.35000610351562,24.5,897.7899780273438,85.87999725341797,41.11000061035156,174.47811889648438,155.9740753173828,672.8800048828125,163.7911376953125,33.150001525878906
2024-11-25,232.61424255371094,417.95196533203125,167.45806884765625,201.4499969482422,136.01063537597656,564.654541015625,338.5899963378906,87.7699966430664,518.72998046875,58.342437744140625,141.1300048828125,24.8700008392334,865.5900268554688,89.02999877929688,43.65999984741211,174.1488800048828,157.9935302734375,684.469970703125,164.37957763671875,38.40999984741211
2024-11-26,234.8018341064453,427.133544921875,168.9263916015625,207.86000061035156,136.9105682373047,573.0776977539062,338.2300109863281,86.94000244140625,525.2999877929688,59.186683654785156,137.72000122070312,24.049999237060547,872.5999755859375,83.41000366210938,42.04999923706055,172.80197143554688,156.1133575439453,671.969970703125,164.29978942871094,34.43000030517578
2024-11-27,234.67198181152344,422.1435546875,169.03627014160156,205.74000549316406,135.33067321777344,568.7412719726562,332.8900146484375,86.56999969482422,513.6799926757812,58.88871765136719,136.24000549316406,23.649999618530273,877.3400268554688,85.36000061035156,43.38999938964844,170.92630004882812,155.5861053466797,670.47998046875,159.2433319091797,35.06999969482422
2024-11-29,237.06935119628906,422.61260986328125,168.756591796875,207.88999938964844,138.240478515625,573.8571166992188,345.1600036621094,86.7699966430664,515.9299926757812,58.80925750732422,137.17999267578125,24.049999237060547,886.8099975585938,82.69000244140625,43.060001373291016,174.3085174560547,157.7050323486328,686.6099853515625,161.6468963623047,32.63999938964844
2024-12-02,239.3268585205078,430.1175842285156,171.29368591308594,210.7100067138672,138.62045288085938,592.3522338867188,357.0899963378906,86.52999877929688,516.2000122070312,59.027767181396484,142.05999755859375,23.93000030517578,897.739990234375,83.11000061035156,44.2599983215332,182.84884643554688,162.18161010742188,711.469970703125,166.06504821777344,42.0
2024-12-03,242.3834991455078,430.3371276855469,171.1438446044922,213.44000244140625,140.25033569335938,613.1554565429688,351.4200134277344,85.13999938964844,516.260009765625,59.077430725097656,141.97999572753906,22.469999313354492,902.1699829101562,82.62999725341797,42.58000183105469,182.7390899658203,161.7339630126953,718.0599975585938,167.70066833496094,40.209999084472656
2024-12-04,242.74310302734375,436.544677734375,174.17037963867188,218.16000366210938,145.1300048828125,613.2853393554688,357.92999267578125,89.33000183105469,536.489990234375,59.21648025512695,143.99000549316406,21.959999084472656,911.0599975585938,83.6500015258789,41.630001068115234,180.74368286132812,162.49000549316406,719.9199829101562,170.10423278808594,41.810001373291016
2024-12-05,242.7730712890625,441.7342529296875,172.44236755371094,220.5500030517578,145.05999755859375,608.439208984375,369.489990234375,89.04499816894531,538.219970703125,59.613773345947266,141.36000061035156,20.799999237060547,917.8699951171875,83.36000061035156,42.939998626708984,171.63465881347656,160.38999938964844,711.5,170.01446533203125,41.13999938964844
2024-12-06,242.5732879638672,442.682373046875,174.510009765625,227.02999877929688,142.44000244140625,623.2672729492188,389.2200012207031,89.87999725341797,552.9600219726562,59.48465347290039,138.58999633789062,20.920000076293945,934.739990234375,86.22000122070312,44.439998626708984,172.6223907470703,159.50999450683594,708.97998046875,179.05026245117188,43.93000030517578
2024-12-09,246.47900390625,445.12744140625,175.3699951171875,226.08999633789062,138.80999755859375,613.0755004882812,389.7900085449219,90.0,547.9299926757812,58.55101776123047,130.8699951171875,20.809999465942383,913.6900024414062,85.58000183105469,45.650001525878906,171.46505737304688,160.74000549316406,706.52001953125,178.4618377685547,44.15999984741211
2024-12-10,247.4978790283203,442.4428405761719,185.1699981689453,225.0399932861328,135.07000732421875,618.8208618164062,400.989990234375,88.76000213623047,547.0499877929688,58.322574615478516,127.73999786376953,20.15999984741211,913.3499755859375,83.83000183105469,41.5099983215332,167.78353881835938,156.4600067138672,705.27001953125,171.35089111328125,40.540000915527344
2024-12-11,246.2192840576172,448.0915222167969,195.39999389648438,230.25999450683594,139.30999755859375,632.1700439453125,424.7699890136719,90.75,549.9299926757812,58.19345474243164,130.14999389648438,20.1200008392334,936.5599975585938,86.58999633789062,42.86000061035156,170.7367401123047,159.8300018310547,714.4299926757812,182.71044921875,38.290000915527344
2024-12-12,247.68768310546875,448.6603698730469,191.9600067138672,228.97000122070312,137.33999633789062,630.2815551757812,418.1000061035156,89.4000015258789,474.6300048828125,58.451690673828125,130.60000610351562,20.780000686645508,925.5499877929688,87.05000305175781,42.81999969482422,168.6914520263672,158.24000549316406,713.0999755859375,180.17724609375,37.93000030517578
2024-12-13,247.85748291015625,446.37493896484375,189.82000732421875,227.4600067138672,134.25,619.8499755859375,436.2300109863281,91.0199966430664,465.69000244140625,58.22324752807617,126.91000366210938,20.34000015258789,918.8699951171875,83.79000091552734,41.83000183105469,168.96083068847656,158.52999877929688,718.5800170898438,224.1992950439453,36.45000076293945
2024-12-16,250.7642822265625,450.6863098144531,196.66000366210938,232.92999267578125,132.0,624.239990234375,463.0199890136719,91.30000305175781,461.5299987792969,57.955074310302734,126.69000244140625,20.829999923706055,921.0800170898438,83.80000305175781,41.84000015258789,169.02069091796875,157.88999938964844,722.3800048828125,249.3319549560547,33.439998626708984
2024-12-17,253.20159912109375,453.5505676269531,195.4199981689453,231.14999389648438,130.38999938964844,619.4400024414062,479.8599853515625,90.86000061035156,455.2300109863281,58.12392807006836,125.0199966430664,20.440000534057617,919.1300048828125,84.5999984741211,40.7599983215332,169.94854736328125,157.9199981689453,735.1900024414062,239.5880584716797,33.79999923706055
2024-12-18,247.77757263183594,436.5147399902344,188.39999389648438,220.52000427246094,128.91000366210938,597.1900024414062,440.1300048828125,85.44999694824219,441.30999755859375,57.140625,121.41000366210938,19.299999237060547,889.5499877929688,82.05000305175781,38.36000061035156,165.0697784423828,153.0500030517578,719.489990234375,223.02244567871094,32.22999954223633
2024-12-19,249.51565551757812,436.15545654296875,188.50999450683594,223.2899932861328,130.67999267578125,595.5700073242188,436.1700134277344,86.77999877929688,437.3900146484375,57.239952087402344,118.87999725341797,19.059999465942383,902.0399780273438,84.05000305175781,39.560001373291016,161.06900024414062,150.39999389648438,710.260009765625,217.7366180419922,31.239999771118164
2024-12-20,254.21051025390625,435.726318359375,191.41000366210938,224.9199981689453,134.6999969482422,585.25,421.05999755859375,87.12999725341797,447.1700134277344,58.12392807006836,119.20999908447266,19.520000457763672,909.0499877929688,85.5999984741211,39.38999938964844,163.21405029296875,152.88999938964844,705.6799926757812,220.1999969482422,31.59000015258789
2024-12-23,254.98965454101562,434.3790283203125,194.6300048828125,225.05999755859375,139.6699981689453,599.8499755859375,430.6000061035156,86.9000015258789,446.739990234375,58.580814361572266,124.5999984741211,20.200000762939453,911.4500122070312,85.2699966430664,39.59000015258789,167.07518005371094,158.24000549316406,721.0399780273438,232.35000610351562,32.400001525878906
2024-12-24,257.91644287109375,438.4508361816406,196.11000061035156,229.0500030517578,140.22000122070312,607.75,462.2799987792969,88.25,447.94000244140625,59.444923400878906,126.29000091552734,20.399999618530273,932.1199951171875,85.66999816894531,40.27000045776367,167.9830780029297,159.36000061035156,719.7100219726562,239.67999267578125,34.33000183105469
2024-12-26,258.7355041503906,437.2332763671875,195.60000610351562,227.0500030517578,139.92999267578125,603.3499755859375,454.1300048828125,88.13999938964844,450.1600036621094,59.57404327392578,125.05999755859375,20.440000534057617,924.1400146484375,85.44000244140625,40.43000030517578,167.1649627685547,158.52999877929688,715.8599853515625,245.36000061035156,33.7400016784668
2024-12-27,255.30929565429688,429.66845703125,192.75999450683594,223.75,137.00999450683594,599.8099975585938,431.6600036621094,86.86000061035156,446.4800109863281,59.20655059814453,125.19000244140625,20.299999237060547,907.5499877929688,83.81999969482422,40.130001068115234,166.4466094970703,157.24000549316406,713.5900268554688,241.75,31.979999542236328
2024-12-30,251.9230194091797,423.9798583984375,191.24000549316406,221.3000030517578,137.49000549316406,591.239990234375,417.4100036621094,85.43000030517578,445.79998779296875,58.789390563964844,122.44000244140625,19.81999969482422,900.4299926757812,82.7300033569336,39.380001068115234,163.26394653320312,154.5800018310547,696.1500244140625,235.5800018310547,30.68000030517578
2024-12-31,250.1449737548828,420.6565246582031,189.3000030517578,219.38999938964844,134.2899932861328,585.510009765625,403.8399963378906,85.3499984741211,444.67999267578125,58.79932403564453,120.79000091552734,20.049999237060547,891.3200073242188,81.61000061035156,41.58000183105469,162.2562713623047,153.6199951171875,693.0800170898438,231.83999633789062,30.479999542236328
